# Name,   Type, SubType, Offset,   Size,     Flags
# 4MB flash layout (ESP32-C6FH4): two OTA app slots for Matter OTA + Matter NVS.
# Each slot is 1.875 MB — the app is ~1.7 MB, so keep an eye on headroom.
# nvs and matter keep their original offsets, so switching from the old
# single-factory layout does not lose the commissioned fabric. otadata stays
# at 0xe000; while it is erased the bootloader boots ota_0.
# 0x3D0000-0x3E0000 is unused: app slots must start on a 64 KB boundary.
nvs,      data, nvs,     0x9000,   0x5000,
otadata,  data, ota,     0xe000,   0x2000,
ota_0,    app,  ota_0,   0x10000,  0x1E0000,
ota_1,    app,  ota_1,   0x1F0000, 0x1E0000,
matter,   data, nvs,     0x3E0000, 0x10000,
